author,views,date,order
Alex Haley,23590,7/31/2015,1
Alex Haley,24985,8/31/2015,2
Alex Haley,21724,9/30/2015,3
Alex Haley,35385,10/31/2015,4
Alex Haley,19266,11/30/2015,5
Alex Haley,19501,12/31/2015,6
Alex Haley,25746,1/31/2016,7
Alex Haley,45282,2/29/2016,8
Alex Haley,27239,3/31/2016,9
Alex Haley,26802,4/30/2016,10
Alex Haley,90574,5/31/2016,11
Alex Haley,234057,6/30/2016,12
Alex Haley,40760,7/31/2016,13
Alex Haley,31523,8/31/2016,14
Alex Haley,29525,9/30/2016,15
Alex Haley,22807,10/31/2016,16
Alex Haley,28160,11/30/2016,17
Alex Haley,22944,12/31/2016,18
Alex Haley,29611,1/31/2017,19
Alex Haley,88501,2/28/2017,20
Alex Haley,53130,3/31/2017,21
Alex Haley,22260,4/30/2017,22
Alex Haley,22162,5/31/2017,23
Alex Haley,16027,6/30/2017,24
Alex Haley,18047,7/31/2017,25
Alex Haley,20520,8/31/2017,26
Alex Haley,27253,9/30/2017,27
Alex Haley,20921,10/31/2017,28
Alex Haley,19423,11/30/2017,29
Alex Haley,17216,12/31/2017,30
Alex Haley,21270,1/31/2018,31
Alex Haley,59415,2/28/2018,32
Alex Haley,23541,3/31/2018,33
Alex Haley,22371,4/30/2018,34
Alex Haley,17969,5/31/2018,35
Alex Haley,15480,6/30/2018,36
Alex Haley,17475,7/31/2018,37
Alex Haley,17222,8/31/2018,38
Alex Haley,15334,9/30/2018,39
Alex Haley,15267,10/31/2018,40
Alex Haley,16222,11/30/2018,41
Alex Haley,19542,12/31/2018,42
Alex Haley,19009,1/31/2019,43
Alex Haley,52843,2/28/2019,44
Alex Haley,21075,3/31/2019,45
Alex Haley,24953,4/30/2019,46
Alex Haley,17722,5/31/2019,47
Alex Haley,15300,6/30/2019,48
Alex Haley,16103,7/31/2019,49
Alex Haley,20995,8/31/2019,50
Alex Haley,14369,9/30/2019,51
Alex Haley,14757,10/31/2019,52
Alex Haley,21394,11/30/2019,53
Alex Haley,16733,12/31/2019,54
Alex Haley,18264,1/31/2020,55
Alex Haley,49311,2/29/2020,56
Alex Haley,18643,3/31/2020,57
Alex Haley,20250,4/30/2020,58
Alex Haley,21050,5/31/2020,59
Alex Haley,41712,6/30/2020,60
Alex Haley,31013,7/31/2020,61
Alex Haley,22835,8/31/2020,62
Alex Haley,17020,9/30/2020,63
Alex Haley,16317,10/31/2020,64
Alex Haley,17298,11/30/2020,65
Alex Haley,18444,12/31/2020,66
Alex Haley,29473,1/31/2021,67
Alex Haley,51149,2/28/2021,68
Alex Haley,28322,3/31/2021,69
Alex Haley,20625,4/30/2021,70
Alex Haley,18972,5/31/2021,71
Alex Haley,16229,6/30/2021,72
Alex Haley,16554,7/31/2021,73
Alex Haley,22795,8/31/2021,74
Alex Haley,15234,9/30/2021,75
Alex Haley,15452,10/31/2021,76
Alex Haley,14037,11/30/2021,77
Alex Haley,17613,12/31/2021,78
Alex Haley,20248,1/31/2022,79
Alex Haley,30514,2/28/2022,80
Alex Haley,1342,3/31/2022,81
Alice Walker,27678,7/31/2015,1
Alice Walker,28817,8/31/2015,2
Alice Walker,34807,9/30/2015,3
Alice Walker,36738,10/31/2015,4
Alice Walker,39011,11/30/2015,5
Alice Walker,36976,12/31/2015,6
Alice Walker,41118,1/31/2016,7
Alice Walker,58677,2/29/2016,8
Alice Walker,44780,3/31/2016,9
Alice Walker,42191,4/30/2016,10
Alice Walker,38361,5/31/2016,11
Alice Walker,36524,6/30/2016,12
Alice Walker,30480,7/31/2016,13
Alice Walker,29321,8/31/2016,14
Alice Walker,38220,9/30/2016,15
Alice Walker,37353,10/31/2016,16
Alice Walker,36752,11/30/2016,17
Alice Walker,34017,12/31/2016,18
Alice Walker,40598,1/31/2017,19
Alice Walker,53685,2/28/2017,20
Alice Walker,47265,3/31/2017,21
Alice Walker,37458,4/30/2017,22
Alice Walker,35743,5/31/2017,23
Alice Walker,29021,6/30/2017,24
Alice Walker,27989,7/31/2017,25
Alice Walker,29956,8/31/2017,26
Alice Walker,32679,9/30/2017,27
Alice Walker,39836,10/31/2017,28
Alice Walker,37809,11/30/2017,29
Alice Walker,37831,12/31/2017,30
Alice Walker,46765,1/31/2018,31
Alice Walker,51623,2/28/2018,32
Alice Walker,46376,3/31/2018,33
Alice Walker,45362,4/30/2018,34
Alice Walker,41877,5/31/2018,35
Alice Walker,36215,6/30/2018,36
Alice Walker,33758,7/31/2018,37
Alice Walker,40124,8/31/2018,38
Alice Walker,44200,9/30/2018,39
Alice Walker,62807,10/31/2018,40
Alice Walker,46815,11/30/2018,41
Alice Walker,71076,12/31/2018,42
Alice Walker,44301,1/31/2019,43
Alice Walker,49891,2/28/2019,44
Alice Walker,43316,3/31/2019,45
Alice Walker,36566,4/30/2019,46
Alice Walker,34919,5/31/2019,47
Alice Walker,30789,6/30/2019,48
Alice Walker,34529,7/31/2019,49
Alice Walker,50327,8/31/2019,50
Alice Walker,37233,9/30/2019,51
Alice Walker,37557,10/31/2019,52
Alice Walker,36700,11/30/2019,53
Alice Walker,33082,12/31/2019,54
Alice Walker,38896,1/31/2020,55
Alice Walker,48921,2/29/2020,56
Alice Walker,41435,3/31/2020,57
Alice Walker,46338,4/30/2020,58
Alice Walker,47022,5/31/2020,59
Alice Walker,73477,6/30/2020,60
Alice Walker,74860,7/31/2020,61
Alice Walker,45617,8/31/2020,62
Alice Walker,48102,9/30/2020,63
Alice Walker,44525,10/31/2020,64
Alice Walker,49623,11/30/2020,65
Alice Walker,37614,12/31/2020,66
Alice Walker,64482,1/31/2021,67
Alice Walker,61965,2/28/2021,68
Alice Walker,57101,3/31/2021,69
Alice Walker,46735,4/30/2021,70
Alice Walker,42719,5/31/2021,71
Alice Walker,36564,6/30/2021,72
Alice Walker,39687,7/31/2021,73
Alice Walker,37051,8/31/2021,74
Alice Walker,35944,9/30/2021,75
Alice Walker,39119,10/31/2021,76
Alice Walker,34178,11/30/2021,77
Alice Walker,34697,12/31/2021,78
Alice Walker,37795,1/31/2022,79
Alice Walker,54535,2/28/2022,80
Alice Walker,3026,3/31/2022,81
Colson Whitehead,1816,7/31/2015,1
Colson Whitehead,1693,8/31/2015,2
Colson Whitehead,1918,9/30/2015,3
Colson Whitehead,2023,10/31/2015,4
Colson Whitehead,2139,11/30/2015,5
Colson Whitehead,1656,12/31/2015,6
Colson Whitehead,1812,1/31/2016,7
Colson Whitehead,1765,2/29/2016,8
Colson Whitehead,1902,3/31/2016,9
Colson Whitehead,1933,4/30/2016,10
Colson Whitehead,1719,5/31/2016,11
Colson Whitehead,1604,6/30/2016,12
Colson Whitehead,1963,7/31/2016,13
Colson Whitehead,32432,8/31/2016,14
Colson Whitehead,13704,9/30/2016,15
Colson Whitehead,9359,10/31/2016,16
Colson Whitehead,15479,11/30/2016,17
Colson Whitehead,13619,12/31/2016,18
Colson Whitehead,15994,1/31/2017,19
Colson Whitehead,13895,2/28/2017,20
Colson Whitehead,12423,3/31/2017,21
Colson Whitehead,19328,4/30/2017,22
Colson Whitehead,11936,5/31/2017,23
Colson Whitehead,11212,6/30/2017,24
Colson Whitehead,13307,7/31/2017,25
Colson Whitehead,15412,8/31/2017,26
Colson Whitehead,13063,9/30/2017,27
Colson Whitehead,12414,10/31/2017,28
Colson Whitehead,11029,11/30/2017,29
Colson Whitehead,10849,12/31/2017,30
Colson Whitehead,12684,1/31/2018,31
Colson Whitehead,13794,2/28/2018,32
Colson Whitehead,11023,3/31/2018,33
Colson Whitehead,11388,4/30/2018,34
Colson Whitehead,9402,5/31/2018,35
Colson Whitehead,7566,6/30/2018,36
Colson Whitehead,7847,7/31/2018,37
Colson Whitehead,7640,8/31/2018,38
Colson Whitehead,7649,9/30/2018,39
Colson Whitehead,8361,10/31/2018,40
Colson Whitehead,6926,11/30/2018,41
Colson Whitehead,6811,12/31/2018,42
Colson Whitehead,8326,1/31/2019,43
Colson Whitehead,7575,2/28/2019,44
Colson Whitehead,8213,3/31/2019,45
Colson Whitehead,8509,4/30/2019,46
Colson Whitehead,6577,5/31/2019,47
Colson Whitehead,9843,6/30/2019,48
Colson Whitehead,55232,7/31/2019,49
Colson Whitehead,23211,8/31/2019,50
Colson Whitehead,17048,9/30/2019,51
Colson Whitehead,13208,10/31/2019,52
Colson Whitehead,17238,11/30/2019,53
Colson Whitehead,13092,12/31/2019,54
Colson Whitehead,14691,1/31/2020,55
Colson Whitehead,11670,2/29/2020,56
Colson Whitehead,9521,3/31/2020,57
Colson Whitehead,10484,4/30/2020,58
Colson Whitehead,59225,5/31/2020,59
Colson Whitehead,32722,6/30/2020,60
Colson Whitehead,35092,7/31/2020,61
Colson Whitehead,24038,8/31/2020,62
Colson Whitehead,23679,9/30/2020,63
Colson Whitehead,18203,10/31/2020,64
Colson Whitehead,17456,11/30/2020,65
Colson Whitehead,16505,12/31/2020,66
Colson Whitehead,19085,1/31/2021,67
Colson Whitehead,19916,2/28/2021,68
Colson Whitehead,107897,3/31/2021,69
Colson Whitehead,19702,4/30/2021,70
Colson Whitehead,62390,5/31/2021,71
Colson Whitehead,24050,6/30/2021,72
Colson Whitehead,59072,7/31/2021,73
Colson Whitehead,20858,8/31/2021,74
Colson Whitehead,54213,9/30/2021,75
Colson Whitehead,33328,10/31/2021,76
Colson Whitehead,20819,11/30/2021,77
Colson Whitehead,24948,12/31/2021,78
Colson Whitehead,25514,1/31/2022,79
Colson Whitehead,20224,2/28/2022,80
Colson Whitehead,1325,3/31/2022,81
Jacqueline Woodson,3251,7/31/2015,1
Jacqueline Woodson,2195,8/31/2015,2
Jacqueline Woodson,3101,9/30/2015,3
Jacqueline Woodson,3396,10/31/2015,4
Jacqueline Woodson,2997,11/30/2015,5
Jacqueline Woodson,2422,12/31/2015,6
Jacqueline Woodson,3287,1/31/2016,7
Jacqueline Woodson,4385,2/29/2016,8
Jacqueline Woodson,3553,3/31/2016,9
Jacqueline Woodson,3675,4/30/2016,10
Jacqueline Woodson,2713,5/31/2016,11
Jacqueline Woodson,2032,6/30/2016,12
Jacqueline Woodson,1867,7/31/2016,13
Jacqueline Woodson,9219,8/31/2016,14
Jacqueline Woodson,4922,9/30/2016,15
Jacqueline Woodson,6862,10/31/2016,16
Jacqueline Woodson,4566,11/30/2016,17
Jacqueline Woodson,3973,12/31/2016,18
Jacqueline Woodson,9236,1/31/2017,19
Jacqueline Woodson,6245,2/28/2017,20
Jacqueline Woodson,4614,3/31/2017,21
Jacqueline Woodson,3522,4/30/2017,22
Jacqueline Woodson,3692,5/31/2017,23
Jacqueline Woodson,2612,6/30/2017,24
Jacqueline Woodson,2437,7/31/2017,25
Jacqueline Woodson,2616,8/31/2017,26
Jacqueline Woodson,3173,9/30/2017,27
Jacqueline Woodson,4044,10/31/2017,28
Jacqueline Woodson,4617,11/30/2017,29
Jacqueline Woodson,3041,12/31/2017,30
Jacqueline Woodson,5149,1/31/2018,31
Jacqueline Woodson,5476,2/28/2018,32
Jacqueline Woodson,10079,3/31/2018,33
Jacqueline Woodson,8923,4/30/2018,34
Jacqueline Woodson,4723,5/31/2018,35
Jacqueline Woodson,3838,6/30/2018,36
Jacqueline Woodson,3185,7/31/2018,37
Jacqueline Woodson,3097,8/31/2018,38
Jacqueline Woodson,6459,9/30/2018,39
Jacqueline Woodson,4325,10/31/2018,40
Jacqueline Woodson,3651,11/30/2018,41
Jacqueline Woodson,3379,12/31/2018,42
Jacqueline Woodson,4824,1/31/2019,43
Jacqueline Woodson,5086,2/28/2019,44
Jacqueline Woodson,4528,3/31/2019,45
Jacqueline Woodson,4691,4/30/2019,46
Jacqueline Woodson,4004,5/31/2019,47
Jacqueline Woodson,2628,6/30/2019,48
Jacqueline Woodson,2680,7/31/2019,49
Jacqueline Woodson,3167,8/31/2019,50
Jacqueline Woodson,8882,9/30/2019,51
Jacqueline Woodson,10934,10/31/2019,52
Jacqueline Woodson,8048,11/30/2019,53
Jacqueline Woodson,6633,12/31/2019,54
Jacqueline Woodson,7327,1/31/2020,55
Jacqueline Woodson,6941,2/29/2020,56
Jacqueline Woodson,5903,3/31/2020,57
Jacqueline Woodson,5484,4/30/2020,58
Jacqueline Woodson,5819,5/31/2020,59
Jacqueline Woodson,8576,6/30/2020,60
Jacqueline Woodson,5872,7/31/2020,61
Jacqueline Woodson,6009,8/31/2020,62
Jacqueline Woodson,9196,9/30/2020,63
Jacqueline Woodson,9311,10/31/2020,64
Jacqueline Woodson,6136,11/30/2020,65
Jacqueline Woodson,5321,12/31/2020,66
Jacqueline Woodson,7489,1/31/2021,67
Jacqueline Woodson,10452,2/28/2021,68
Jacqueline Woodson,8722,3/31/2021,69
Jacqueline Woodson,6505,4/30/2021,70
Jacqueline Woodson,5521,5/31/2021,71
Jacqueline Woodson,4284,6/30/2021,72
Jacqueline Woodson,3570,7/31/2021,73
Jacqueline Woodson,4495,8/31/2021,74
Jacqueline Woodson,4795,9/30/2021,75
Jacqueline Woodson,4600,10/31/2021,76
Jacqueline Woodson,4235,11/30/2021,77
Jacqueline Woodson,3833,12/31/2021,78
Jacqueline Woodson,6456,1/31/2022,79
Jacqueline Woodson,8500,2/28/2022,80
Jacqueline Woodson,558,3/31/2022,81
James Baldwin,47360,7/31/2015,1
James Baldwin,48306,8/31/2015,2
James Baldwin,38693,9/30/2015,3
James Baldwin,62646,10/31/2015,4
James Baldwin,50329,11/30/2015,5
James Baldwin,47226,12/31/2015,6
James Baldwin,47056,1/31/2016,7
James Baldwin,69049,2/29/2016,8
James Baldwin,49408,3/31/2016,9
James Baldwin,39570,4/30/2016,10
James Baldwin,38112,5/31/2016,11
James Baldwin,31353,6/30/2016,12
James Baldwin,41969,7/31/2016,13
James Baldwin,51157,8/31/2016,14
James Baldwin,47438,9/30/2016,15
James Baldwin,46918,10/31/2016,16
James Baldwin,59262,11/30/2016,17
James Baldwin,60849,12/31/2016,18
James Baldwin,132571,1/31/2017,19
James Baldwin,361523,2/28/2017,20
James Baldwin,164437,3/31/2017,21
James Baldwin,107707,4/30/2017,22
James Baldwin,137939,5/31/2017,23
James Baldwin,103174,6/30/2017,24
James Baldwin,99592,7/31/2017,25
James Baldwin,118310,8/31/2017,26
James Baldwin,86579,9/30/2017,27
James Baldwin,83443,10/31/2017,28
James Baldwin,69448,11/30/2017,29
James Baldwin,69636,12/31/2017,30
James Baldwin,172826,1/31/2018,31
James Baldwin,172769,2/28/2018,32
James Baldwin,82819,3/31/2018,33
James Baldwin,78722,4/30/2018,34
James Baldwin,70755,5/31/2018,35
James Baldwin,62720,6/30/2018,36
James Baldwin,59595,7/31/2018,37
James Baldwin,138620,8/31/2018,38
James Baldwin,77287,9/30/2018,39
James Baldwin,74611,10/31/2018,40
James Baldwin,68580,11/30/2018,41
James Baldwin,103441,12/31/2018,42
James Baldwin,166973,1/31/2019,43
James Baldwin,211621,2/28/2019,44
James Baldwin,107025,3/31/2019,45
James Baldwin,77241,4/30/2019,46
James Baldwin,66940,5/31/2019,47
James Baldwin,56221,6/30/2019,48
James Baldwin,53838,7/31/2019,49
James Baldwin,99947,8/31/2019,50
James Baldwin,68422,9/30/2019,51
James Baldwin,66171,10/31/2019,52
James Baldwin,62106,11/30/2019,53
James Baldwin,62740,12/31/2019,54
James Baldwin,66312,1/31/2020,55
James Baldwin,117087,2/29/2020,56
James Baldwin,58611,3/31/2020,57
James Baldwin,69280,4/30/2020,58
James Baldwin,131517,5/31/2020,59
James Baldwin,690760,6/30/2020,60
James Baldwin,346308,7/31/2020,61
James Baldwin,229175,8/31/2020,62
James Baldwin,132199,9/30/2020,63
James Baldwin,144188,10/31/2020,64
James Baldwin,157586,11/30/2020,65
James Baldwin,116565,12/31/2020,66
James Baldwin,192480,1/31/2021,67
James Baldwin,212820,2/28/2021,68
James Baldwin,144345,3/31/2021,69
James Baldwin,116128,4/30/2021,70
James Baldwin,96624,5/31/2021,71
James Baldwin,126017,6/30/2021,72
James Baldwin,85929,7/31/2021,73
James Baldwin,91269,8/31/2021,74
James Baldwin,70855,9/30/2021,75
James Baldwin,108344,10/31/2021,76
James Baldwin,83644,11/30/2021,77
James Baldwin,71687,12/31/2021,78
James Baldwin,92244,1/31/2022,79
James Baldwin,128550,2/28/2022,80
James Baldwin,6775,3/31/2022,81
James Weldon Johnson,4438,7/31/2015,1
James Weldon Johnson,4186,8/31/2015,2
James Weldon Johnson,5582,9/30/2015,3
James Weldon Johnson,7183,10/31/2015,4
James Weldon Johnson,7160,11/30/2015,5
James Weldon Johnson,6625,12/31/2015,6
James Weldon Johnson,9590,1/31/2016,7
James Weldon Johnson,20404,2/29/2016,8
James Weldon Johnson,10011,3/31/2016,9
James Weldon Johnson,8566,4/30/2016,10
James Weldon Johnson,7148,5/31/2016,11
James Weldon Johnson,5241,6/30/2016,12
James Weldon Johnson,4226,7/31/2016,13
James Weldon Johnson,4660,8/31/2016,14
James Weldon Johnson,8157,9/30/2016,15
James Weldon Johnson,7770,10/31/2016,16
James Weldon Johnson,7305,11/30/2016,17
James Weldon Johnson,7102,12/31/2016,18
James Weldon Johnson,10175,1/31/2017,19
James Weldon Johnson,20816,2/28/2017,20
James Weldon Johnson,10651,3/31/2017,21
James Weldon Johnson,7912,4/30/2017,22
James Weldon Johnson,7139,5/31/2017,23
James Weldon Johnson,5589,6/30/2017,24
James Weldon Johnson,5559,7/31/2017,25
James Weldon Johnson,4802,8/31/2017,26
James Weldon Johnson,6978,9/30/2017,27
James Weldon Johnson,8829,10/31/2017,28
James Weldon Johnson,7310,11/30/2017,29
James Weldon Johnson,6446,12/31/2017,30
James Weldon Johnson,10732,1/31/2018,31
James Weldon Johnson,19769,2/28/2018,32
James Weldon Johnson,10416,3/31/2018,33
James Weldon Johnson,10682,4/30/2018,34
James Weldon Johnson,7684,5/31/2018,35
James Weldon Johnson,6017,6/30/2018,36
James Weldon Johnson,5112,7/31/2018,37
James Weldon Johnson,6170,8/31/2018,38
James Weldon Johnson,5863,9/30/2018,39
James Weldon Johnson,6969,10/31/2018,40
James Weldon Johnson,6717,11/30/2018,41
James Weldon Johnson,5937,12/31/2018,42
James Weldon Johnson,10128,1/31/2019,43
James Weldon Johnson,19091,2/28/2019,44
James Weldon Johnson,9427,3/31/2019,45
James Weldon Johnson,9326,4/30/2019,46
James Weldon Johnson,7437,5/31/2019,47
James Weldon Johnson,6320,6/30/2019,48
James Weldon Johnson,5827,7/31/2019,49
James Weldon Johnson,5580,8/31/2019,50
James Weldon Johnson,6084,9/30/2019,51
James Weldon Johnson,6789,10/31/2019,52
James Weldon Johnson,6639,11/30/2019,53
James Weldon Johnson,6023,12/31/2019,54
James Weldon Johnson,9997,1/31/2020,55
James Weldon Johnson,19454,2/29/2020,56
James Weldon Johnson,8080,3/31/2020,57
James Weldon Johnson,6830,4/30/2020,58
James Weldon Johnson,6642,5/31/2020,59
James Weldon Johnson,22187,6/30/2020,60
James Weldon Johnson,55238,7/31/2020,61
James Weldon Johnson,10831,8/31/2020,62
James Weldon Johnson,21154,9/30/2020,63
James Weldon Johnson,9101,10/31/2020,64
James Weldon Johnson,7814,11/30/2020,65
James Weldon Johnson,8704,12/31/2020,66
James Weldon Johnson,12166,1/31/2021,67
James Weldon Johnson,23605,2/28/2021,68
James Weldon Johnson,11730,3/31/2021,69
James Weldon Johnson,8131,4/30/2021,70
James Weldon Johnson,7762,5/31/2021,71
James Weldon Johnson,10650,6/30/2021,72
James Weldon Johnson,18059,7/31/2021,73
James Weldon Johnson,5939,8/31/2021,74
James Weldon Johnson,10834,9/30/2021,75
James Weldon Johnson,7243,10/31/2021,76
James Weldon Johnson,7675,11/30/2021,77
James Weldon Johnson,5989,12/31/2021,78
James Weldon Johnson,9015,1/31/2022,79
James Weldon Johnson,21952,2/28/2022,80
James Weldon Johnson,984,3/31/2022,81
Jesmyn Ward,1350,7/31/2015,1
Jesmyn Ward,2657,8/31/2015,2
Jesmyn Ward,1830,9/30/2015,3
Jesmyn Ward,1434,10/31/2015,4
Jesmyn Ward,1390,11/30/2015,5
Jesmyn Ward,1263,12/31/2015,6
Jesmyn Ward,1206,1/31/2016,7
Jesmyn Ward,2067,2/29/2016,8
Jesmyn Ward,1376,3/31/2016,9
Jesmyn Ward,1456,4/30/2016,10
Jesmyn Ward,1243,5/31/2016,11
Jesmyn Ward,944,6/30/2016,12
Jesmyn Ward,1243,7/31/2016,13
Jesmyn Ward,2952,8/31/2016,14
Jesmyn Ward,1733,9/30/2016,15
Jesmyn Ward,1296,10/31/2016,16
Jesmyn Ward,1233,11/30/2016,17
Jesmyn Ward,1338,12/31/2016,18
Jesmyn Ward,1377,1/31/2017,19
Jesmyn Ward,1630,2/28/2017,20
Jesmyn Ward,1618,3/31/2017,21
Jesmyn Ward,1436,4/30/2017,22
Jesmyn Ward,1488,5/31/2017,23
Jesmyn Ward,1756,6/30/2017,24
Jesmyn Ward,1976,7/31/2017,25
Jesmyn Ward,4261,8/31/2017,26
Jesmyn Ward,14723,9/30/2017,27
Jesmyn Ward,20516,10/31/2017,28
Jesmyn Ward,22480,11/30/2017,29
Jesmyn Ward,13408,12/31/2017,30
Jesmyn Ward,19430,1/31/2018,31
Jesmyn Ward,13438,2/28/2018,32
Jesmyn Ward,10729,3/31/2018,33
Jesmyn Ward,14337,4/30/2018,34
Jesmyn Ward,16170,5/31/2018,35
Jesmyn Ward,8769,6/30/2018,36
Jesmyn Ward,9071,7/31/2018,37
Jesmyn Ward,10324,8/31/2018,38
Jesmyn Ward,7182,9/30/2018,39
Jesmyn Ward,7230,10/31/2018,40
Jesmyn Ward,6838,11/30/2018,41
Jesmyn Ward,6813,12/31/2018,42
Jesmyn Ward,7468,1/31/2019,43
Jesmyn Ward,7531,2/28/2019,44
Jesmyn Ward,6759,3/31/2019,45
Jesmyn Ward,5890,4/30/2019,46
Jesmyn Ward,5238,5/31/2019,47
Jesmyn Ward,4940,6/30/2019,48
Jesmyn Ward,4997,7/31/2019,49
Jesmyn Ward,6666,8/31/2019,50
Jesmyn Ward,5854,9/30/2019,51
Jesmyn Ward,5826,10/31/2019,52
Jesmyn Ward,5439,11/30/2019,53
Jesmyn Ward,5094,12/31/2019,54
Jesmyn Ward,6231,1/31/2020,55
Jesmyn Ward,5362,2/29/2020,56
Jesmyn Ward,4571,3/31/2020,57
Jesmyn Ward,5139,4/30/2020,58
Jesmyn Ward,5085,5/31/2020,59
Jesmyn Ward,12174,6/30/2020,60
Jesmyn Ward,7385,7/31/2020,61
Jesmyn Ward,5998,8/31/2020,62
Jesmyn Ward,57737,9/30/2020,63
Jesmyn Ward,8285,10/31/2020,64
Jesmyn Ward,8189,11/30/2020,65
Jesmyn Ward,7711,12/31/2020,66
Jesmyn Ward,8023,1/31/2021,67
Jesmyn Ward,7808,2/28/2021,68
Jesmyn Ward,6537,3/31/2021,69
Jesmyn Ward,5779,4/30/2021,70
Jesmyn Ward,5139,5/31/2021,71
Jesmyn Ward,4232,6/30/2021,72
Jesmyn Ward,4453,7/31/2021,73
Jesmyn Ward,3933,8/31/2021,74
Jesmyn Ward,3826,9/30/2021,75
Jesmyn Ward,4127,10/31/2021,76
Jesmyn Ward,3787,11/30/2021,77
Jesmyn Ward,3515,12/31/2021,78
Jesmyn Ward,4025,1/31/2022,79
Jesmyn Ward,5010,2/28/2022,80
Jesmyn Ward,312,3/31/2022,81
Octavia E. Butler,10995,7/31/2015,1
Octavia E. Butler,10473,8/31/2015,2
Octavia E. Butler,12572,9/30/2015,3
Octavia E. Butler,11068,10/31/2015,4
Octavia E. Butler,12544,11/30/2015,5
Octavia E. Butler,12003,12/31/2015,6
Octavia E. Butler,20100,1/31/2016,7
Octavia E. Butler,20181,2/29/2016,8
Octavia E. Butler,16620,3/31/2016,9
Octavia E. Butler,14073,4/30/2016,10
Octavia E. Butler,12690,5/31/2016,11
Octavia E. Butler,11699,6/30/2016,12
Octavia E. Butler,16787,7/31/2016,13
Octavia E. Butler,13579,8/31/2016,14
Octavia E. Butler,12959,9/30/2016,15
Octavia E. Butler,14133,10/31/2016,16
Octavia E. Butler,15754,11/30/2016,17
Octavia E. Butler,16622,12/31/2016,18
Octavia E. Butler,18718,1/31/2017,19
Octavia E. Butler,21723,2/28/2017,20
Octavia E. Butler,19419,3/31/2017,21
Octavia E. Butler,19109,4/30/2017,22
Octavia E. Butler,16212,5/31/2017,23
Octavia E. Butler,17128,6/30/2017,24
Octavia E. Butler,28286,7/31/2017,25
Octavia E. Butler,23873,8/31/2017,26
Octavia E. Butler,17025,9/30/2017,27
Octavia E. Butler,18017,10/31/2017,28
Octavia E. Butler,18396,11/30/2017,29
Octavia E. Butler,20291,12/31/2017,30
Octavia E. Butler,23182,1/31/2018,31
Octavia E. Butler,27411,2/28/2018,32
Octavia E. Butler,22603,3/31/2018,33
Octavia E. Butler,20792,4/30/2018,34
Octavia E. Butler,19148,5/31/2018,35
Octavia E. Butler,472371,6/30/2018,36
Octavia E. Butler,29257,7/31/2018,37
Octavia E. Butler,21501,8/31/2018,38
Octavia E. Butler,17159,9/30/2018,39
Octavia E. Butler,18300,10/31/2018,40
Octavia E. Butler,18539,11/30/2018,41
Octavia E. Butler,18852,12/31/2018,42
Octavia E. Butler,19693,1/31/2019,43
Octavia E. Butler,24384,2/28/2019,44
Octavia E. Butler,23292,3/31/2019,45
Octavia E. Butler,19940,4/30/2019,46
Octavia E. Butler,19258,5/31/2019,47
Octavia E. Butler,20650,6/30/2019,48
Octavia E. Butler,18180,7/31/2019,49
Octavia E. Butler,18400,8/31/2019,50
Octavia E. Butler,17791,9/30/2019,51
Octavia E. Butler,19166,10/31/2019,52
Octavia E. Butler,19441,11/30/2019,53
Octavia E. Butler,20428,12/31/2019,54
Octavia E. Butler,25346,1/31/2020,55
Octavia E. Butler,27005,2/29/2020,56
Octavia E. Butler,25852,3/31/2020,57
Octavia E. Butler,26290,4/30/2020,58
Octavia E. Butler,28796,5/31/2020,59
Octavia E. Butler,57523,6/30/2020,60
Octavia E. Butler,43408,7/31/2020,61
Octavia E. Butler,37094,8/31/2020,62
Octavia E. Butler,47716,9/30/2020,63
Octavia E. Butler,34900,10/31/2020,64
Octavia E. Butler,32414,11/30/2020,65
Octavia E. Butler,31860,12/31/2020,66
Octavia E. Butler,40659,1/31/2021,67
Octavia E. Butler,87782,2/28/2021,68
Octavia E. Butler,96900,3/31/2021,69
Octavia E. Butler,41296,4/30/2021,70
Octavia E. Butler,34652,5/31/2021,71
Octavia E. Butler,39446,6/30/2021,72
Octavia E. Butler,33626,7/31/2021,73
Octavia E. Butler,33726,8/31/2021,74
Octavia E. Butler,31440,9/30/2021,75
Octavia E. Butler,30991,10/31/2021,76
Octavia E. Butler,26959,11/30/2021,77
Octavia E. Butler,27651,12/31/2021,78
Octavia E. Butler,31612,1/31/2022,79
Octavia E. Butler,40096,2/28/2022,80
Octavia E. Butler,2535,3/31/2022,81
Paul Beatty,1316,7/31/2015,1
Paul Beatty,1110,8/31/2015,2
Paul Beatty,1020,9/30/2015,3
Paul Beatty,1037,10/31/2015,4
Paul Beatty,835,11/30/2015,5
Paul Beatty,3489,12/31/2015,6
Paul Beatty,1911,1/31/2016,7
Paul Beatty,1755,2/29/2016,8
Paul Beatty,3898,3/31/2016,9
Paul Beatty,2209,4/30/2016,10
Paul Beatty,1896,5/31/2016,11
Paul Beatty,2002,6/30/2016,12
Paul Beatty,2244,7/31/2016,13
Paul Beatty,2124,8/31/2016,14
Paul Beatty,3233,9/30/2016,15
Paul Beatty,39682,10/31/2016,16
Paul Beatty,16790,11/30/2016,17
Paul Beatty,20115,12/31/2016,18
Paul Beatty,18895,1/31/2017,19
Paul Beatty,12902,2/28/2017,20
Paul Beatty,13196,3/31/2017,21
Paul Beatty,11075,4/30/2017,22
Paul Beatty,10013,5/31/2017,23
Paul Beatty,8075,6/30/2017,24
Paul Beatty,7784,7/31/2017,25
Paul Beatty,7213,8/31/2017,26
Paul Beatty,6741,9/30/2017,27
Paul Beatty,8747,10/31/2017,28
Paul Beatty,5154,11/30/2017,29
Paul Beatty,5223,12/31/2017,30
Paul Beatty,5883,1/31/2018,31
Paul Beatty,4650,2/28/2018,32
Paul Beatty,4760,3/31/2018,33
Paul Beatty,4667,4/30/2018,34
Paul Beatty,4703,5/31/2018,35
Paul Beatty,3856,6/30/2018,36
Paul Beatty,4564,7/31/2018,37
Paul Beatty,4072,8/31/2018,38
Paul Beatty,3792,9/30/2018,39
Paul Beatty,4378,10/31/2018,40
Paul Beatty,3249,11/30/2018,41
Paul Beatty,3538,12/31/2018,42
Paul Beatty,4262,1/31/2019,43
Paul Beatty,3489,2/28/2019,44
Paul Beatty,3246,3/31/2019,45
Paul Beatty,2904,4/30/2019,46
Paul Beatty,3022,5/31/2019,47
Paul Beatty,3110,6/30/2019,48
Paul Beatty,3152,7/31/2019,49
Paul Beatty,3345,8/31/2019,50
Paul Beatty,2992,9/30/2019,51
Paul Beatty,3247,10/31/2019,52
Paul Beatty,3162,11/30/2019,53
Paul Beatty,3201,12/31/2019,54
Paul Beatty,3597,1/31/2020,55
Paul Beatty,3289,2/29/2020,56
Paul Beatty,2844,3/31/2020,57
Paul Beatty,3578,4/30/2020,58
Paul Beatty,3734,5/31/2020,59
Paul Beatty,6140,6/30/2020,60
Paul Beatty,4469,7/31/2020,61
Paul Beatty,3518,8/31/2020,62
Paul Beatty,3098,9/30/2020,63
Paul Beatty,3110,10/31/2020,64
Paul Beatty,4034,11/30/2020,65
Paul Beatty,3321,12/31/2020,66
Paul Beatty,3736,1/31/2021,67
Paul Beatty,3496,2/28/2021,68
Paul Beatty,3479,3/31/2021,69
Paul Beatty,3066,4/30/2021,70
Paul Beatty,3141,5/31/2021,71
Paul Beatty,2802,6/30/2021,72
Paul Beatty,3036,7/31/2021,73
Paul Beatty,2865,8/31/2021,74
Paul Beatty,2946,9/30/2021,75
Paul Beatty,2842,10/31/2021,76
Paul Beatty,2711,11/30/2021,77
Paul Beatty,2406,12/31/2021,78
Paul Beatty,3133,1/31/2022,79
Paul Beatty,2942,2/28/2022,80
Paul Beatty,191,3/31/2022,81
Ralph Ellison,10675,7/31/2015,1
Ralph Ellison,10512,8/31/2015,2
Ralph Ellison,10262,9/30/2015,3
Ralph Ellison,10670,10/31/2015,4
Ralph Ellison,10758,11/30/2015,5
Ralph Ellison,9822,12/31/2015,6
Ralph Ellison,13597,1/31/2016,7
Ralph Ellison,21108,2/29/2016,8
Ralph Ellison,14044,3/31/2016,9
Ralph Ellison,12647,4/30/2016,10
Ralph Ellison,11681,5/31/2016,11
Ralph Ellison,9961,6/30/2016,12
Ralph Ellison,8890,7/31/2016,13
Ralph Ellison,10453,8/31/2016,14
Ralph Ellison,10640,9/30/2016,15
Ralph Ellison,13275,10/31/2016,16
Ralph Ellison,13609,11/30/2016,17
Ralph Ellison,14244,12/31/2016,18
Ralph Ellison,14575,1/31/2017,19
Ralph Ellison,19857,2/28/2017,20
Ralph Ellison,15140,3/31/2017,21
Ralph Ellison,12713,4/30/2017,22
Ralph Ellison,11582,5/31/2017,23
Ralph Ellison,10007,6/30/2017,24
Ralph Ellison,9597,7/31/2017,25
Ralph Ellison,13545,8/31/2017,26
Ralph Ellison,10708,9/30/2017,27
Ralph Ellison,12497,10/31/2017,28
Ralph Ellison,11457,11/30/2017,29
Ralph Ellison,10468,12/31/2017,30
Ralph Ellison,14183,1/31/2018,31
Ralph Ellison,17356,2/28/2018,32
Ralph Ellison,13626,3/31/2018,33
Ralph Ellison,12717,4/30/2018,34
Ralph Ellison,16681,5/31/2018,35
Ralph Ellison,12809,6/30/2018,36
Ralph Ellison,10494,7/31/2018,37
Ralph Ellison,11280,8/31/2018,38
Ralph Ellison,13993,9/30/2018,39
Ralph Ellison,13377,10/31/2018,40
Ralph Ellison,12265,11/30/2018,41
Ralph Ellison,11446,12/31/2018,42
Ralph Ellison,13360,1/31/2019,43
Ralph Ellison,21041,2/28/2019,44
Ralph Ellison,17202,3/31/2019,45
Ralph Ellison,13083,4/30/2019,46
Ralph Ellison,11266,5/31/2019,47
Ralph Ellison,12667,6/30/2019,48
Ralph Ellison,9322,7/31/2019,49
Ralph Ellison,10730,8/31/2019,50
Ralph Ellison,10231,9/30/2019,51
Ralph Ellison,11468,10/31/2019,52
Ralph Ellison,11913,11/30/2019,53
Ralph Ellison,14315,12/31/2019,54
Ralph Ellison,13580,1/31/2020,55
Ralph Ellison,18521,2/29/2020,56
Ralph Ellison,14149,3/31/2020,57
Ralph Ellison,14515,4/30/2020,58
Ralph Ellison,13880,5/31/2020,59
Ralph Ellison,45634,6/30/2020,60
Ralph Ellison,19962,7/31/2020,61
Ralph Ellison,16230,8/31/2020,62
Ralph Ellison,15273,9/30/2020,63
Ralph Ellison,14714,10/31/2020,64
Ralph Ellison,13245,11/30/2020,65
Ralph Ellison,16112,12/31/2020,66
Ralph Ellison,15869,1/31/2021,67
Ralph Ellison,24076,2/28/2021,68
Ralph Ellison,17280,3/31/2021,69
Ralph Ellison,18683,4/30/2021,70
Ralph Ellison,14913,5/31/2021,71
Ralph Ellison,17850,6/30/2021,72
Ralph Ellison,11800,7/31/2021,73
Ralph Ellison,10690,8/31/2021,74
Ralph Ellison,10917,9/30/2021,75
Ralph Ellison,12974,10/31/2021,76
Ralph Ellison,11748,11/30/2021,77
Ralph Ellison,10121,12/31/2021,78
Ralph Ellison,12459,1/31/2022,79
Ralph Ellison,16694,2/28/2022,80
Ralph Ellison,1513,3/31/2022,81
Richard Wright,13447,7/31/2015,1
Richard Wright,16047,8/31/2015,2
Richard Wright,17855,9/30/2015,3
Richard Wright,18175,10/31/2015,4
Richard Wright,16922,11/30/2015,5
Richard Wright,15374,12/31/2015,6
Richard Wright,18247,1/31/2016,7
Richard Wright,26602,2/29/2016,8
Richard Wright,18712,3/31/2016,9
Richard Wright,17458,4/30/2016,10
Richard Wright,15573,5/31/2016,11
Richard Wright,11598,6/30/2016,12
Richard Wright,11833,7/31/2016,13
Richard Wright,12906,8/31/2016,14
Richard Wright,16491,9/30/2016,15
Richard Wright,16763,10/31/2016,16
Richard Wright,17378,11/30/2016,17
Richard Wright,15898,12/31/2016,18
Richard Wright,34736,1/31/2017,19
Richard Wright,33313,2/28/2017,20
Richard Wright,21732,3/31/2017,21
Richard Wright,17021,4/30/2017,22
Richard Wright,16341,5/31/2017,23
Richard Wright,12082,6/30/2017,24
Richard Wright,12667,7/31/2017,25
Richard Wright,13231,8/31/2017,26
Richard Wright,15548,9/30/2017,27
Richard Wright,18004,10/31/2017,28
Richard Wright,15915,11/30/2017,29
Richard Wright,13783,12/31/2017,30
Richard Wright,19310,1/31/2018,31
Richard Wright,24456,2/28/2018,32
Richard Wright,20875,3/31/2018,33
Richard Wright,18603,4/30/2018,34
Richard Wright,17616,5/31/2018,35
Richard Wright,13480,6/30/2018,36
Richard Wright,12449,7/31/2018,37
Richard Wright,13857,8/31/2018,38
Richard Wright,16186,9/30/2018,39
Richard Wright,15593,10/31/2018,40
Richard Wright,14678,11/30/2018,41
Richard Wright,14648,12/31/2018,42
Richard Wright,22240,1/31/2019,43
Richard Wright,25135,2/28/2019,44
Richard Wright,20240,3/31/2019,45
Richard Wright,28888,4/30/2019,46
Richard Wright,15999,5/31/2019,47
Richard Wright,12346,6/30/2019,48
Richard Wright,11535,7/31/2019,49
Richard Wright,13208,8/31/2019,50
Richard Wright,14471,9/30/2019,51
Richard Wright,15076,10/31/2019,52
Richard Wright,14175,11/30/2019,53
Richard Wright,12232,12/31/2019,54
Richard Wright,15287,1/31/2020,55
Richard Wright,22033,2/29/2020,56
Richard Wright,13560,3/31/2020,57
Richard Wright,14018,4/30/2020,58
Richard Wright,15895,5/31/2020,59
Richard Wright,35606,6/30/2020,60
Richard Wright,21860,7/31/2020,61
Richard Wright,18868,8/31/2020,62
Richard Wright,17963,9/30/2020,63
Richard Wright,17547,10/31/2020,64
Richard Wright,16125,11/30/2020,65
Richard Wright,16288,12/31/2020,66
Richard Wright,17747,1/31/2021,67
Richard Wright,36402,2/28/2021,68
Richard Wright,21019,3/31/2021,69
Richard Wright,22316,4/30/2021,70
Richard Wright,21265,5/31/2021,71
Richard Wright,14540,6/30/2021,72
Richard Wright,14669,7/31/2021,73
Richard Wright,12853,8/31/2021,74
Richard Wright,14268,9/30/2021,75
Richard Wright,14486,10/31/2021,76
Richard Wright,12861,11/30/2021,77
Richard Wright,12105,12/31/2021,78
Richard Wright,15109,1/31/2022,79
Richard Wright,20314,2/28/2022,80
Richard Wright,1167,3/31/2022,81
Sister Souljah,12870,7/31/2015,1
Sister Souljah,15778,8/31/2015,2
Sister Souljah,10618,9/30/2015,3
Sister Souljah,10625,10/31/2015,4
Sister Souljah,28734,11/30/2015,5
Sister Souljah,14965,12/31/2015,6
Sister Souljah,13397,1/31/2016,7
Sister Souljah,22073,2/29/2016,8
Sister Souljah,12508,3/31/2016,9
Sister Souljah,20053,4/30/2016,10
Sister Souljah,13093,5/31/2016,11
Sister Souljah,8364,6/30/2016,12
Sister Souljah,10460,7/31/2016,13
Sister Souljah,8836,8/31/2016,14
Sister Souljah,12972,9/30/2016,15
Sister Souljah,11570,10/31/2016,16
Sister Souljah,9818,11/30/2016,17
Sister Souljah,11892,12/31/2016,18
Sister Souljah,10414,1/31/2017,19
Sister Souljah,9048,2/28/2017,20
Sister Souljah,9376,3/31/2017,21
Sister Souljah,7175,4/30/2017,22
Sister Souljah,7000,5/31/2017,23
Sister Souljah,11925,6/30/2017,24
Sister Souljah,25755,7/31/2017,25
Sister Souljah,18082,8/31/2017,26
Sister Souljah,10637,9/30/2017,27
Sister Souljah,10886,10/31/2017,28
Sister Souljah,9646,11/30/2017,29
Sister Souljah,10923,12/31/2017,30
Sister Souljah,11508,1/31/2018,31
Sister Souljah,8969,2/28/2018,32
Sister Souljah,8019,3/31/2018,33
Sister Souljah,8289,4/30/2018,34
Sister Souljah,7459,5/31/2018,35
Sister Souljah,7468,6/30/2018,36
Sister Souljah,10586,7/31/2018,37
Sister Souljah,7837,8/31/2018,38
Sister Souljah,6739,9/30/2018,39
Sister Souljah,14380,10/31/2018,40
Sister Souljah,10824,11/30/2018,41
Sister Souljah,9323,12/31/2018,42
Sister Souljah,9121,1/31/2019,43
Sister Souljah,8092,2/28/2019,44
Sister Souljah,14105,3/31/2019,45
Sister Souljah,8178,4/30/2019,46
Sister Souljah,7800,5/31/2019,47
Sister Souljah,7109,6/30/2019,48
Sister Souljah,7220,7/31/2019,49
Sister Souljah,6058,8/31/2019,50
Sister Souljah,8441,9/30/2019,51
Sister Souljah,5615,10/31/2019,52
Sister Souljah,5817,11/30/2019,53
Sister Souljah,6560,12/31/2019,54
Sister Souljah,5974,1/31/2020,55
Sister Souljah,7591,2/29/2020,56
Sister Souljah,10536,3/31/2020,57
Sister Souljah,9892,4/30/2020,58
Sister Souljah,12225,5/31/2020,59
Sister Souljah,14790,6/30/2020,60
Sister Souljah,22676,7/31/2020,61
Sister Souljah,19446,8/31/2020,62
Sister Souljah,25360,9/30/2020,63
Sister Souljah,7417,10/31/2020,64
Sister Souljah,10747,11/30/2020,65
Sister Souljah,16670,12/31/2020,66
Sister Souljah,11484,1/31/2021,67
Sister Souljah,11443,2/28/2021,68
Sister Souljah,33303,3/31/2021,69
Sister Souljah,11806,4/30/2021,70
Sister Souljah,7768,5/31/2021,71
Sister Souljah,7005,6/30/2021,72
Sister Souljah,7562,7/31/2021,73
Sister Souljah,9165,8/31/2021,74
Sister Souljah,7305,9/30/2021,75
Sister Souljah,6609,10/31/2021,76
Sister Souljah,9349,11/30/2021,77
Sister Souljah,8162,12/31/2021,78
Sister Souljah,9377,1/31/2022,79
Sister Souljah,7340,2/28/2022,80
Sister Souljah,752,3/31/2022,81
Toni Morrison,66133,7/31/2015,1
Toni Morrison,56733,8/31/2015,2
Toni Morrison,55353,9/30/2015,3
Toni Morrison,50419,10/31/2015,4
Toni Morrison,63986,11/30/2015,5
Toni Morrison,63724,12/31/2015,6
Toni Morrison,66736,1/31/2016,7
Toni Morrison,72276,2/29/2016,8
Toni Morrison,53156,3/31/2016,9
Toni Morrison,47721,4/30/2016,10
Toni Morrison,45559,5/31/2016,11
Toni Morrison,39610,6/30/2016,12
Toni Morrison,38635,7/31/2016,13
Toni Morrison,38706,8/31/2016,14
Toni Morrison,42547,9/30/2016,15
Toni Morrison,60472,10/31/2016,16
Toni Morrison,59271,11/30/2016,17
Toni Morrison,49930,12/31/2016,18
Toni Morrison,57993,1/31/2017,19
Toni Morrison,67905,2/28/2017,20
Toni Morrison,54579,3/31/2017,21
Toni Morrison,46202,4/30/2017,22
Toni Morrison,48219,5/31/2017,23
Toni Morrison,39904,6/30/2017,24
Toni Morrison,37915,7/31/2017,25
Toni Morrison,45199,8/31/2017,26
Toni Morrison,41417,9/30/2017,27
Toni Morrison,46542,10/31/2017,28
Toni Morrison,52601,11/30/2017,29
Toni Morrison,47682,12/31/2017,30
Toni Morrison,56433,1/31/2018,31
Toni Morrison,61028,2/28/2018,32
Toni Morrison,56701,3/31/2018,33
Toni Morrison,49997,4/30/2018,34
Toni Morrison,47687,5/31/2018,35
Toni Morrison,37547,6/30/2018,36
Toni Morrison,36958,7/31/2018,37
Toni Morrison,38011,8/31/2018,38
Toni Morrison,38032,9/30/2018,39
Toni Morrison,45126,10/31/2018,40
Toni Morrison,47227,11/30/2018,41
Toni Morrison,43209,12/31/2018,42
Toni Morrison,63082,1/31/2019,43
Toni Morrison,77134,2/28/2019,44
Toni Morrison,53252,3/31/2019,45
Toni Morrison,52464,4/30/2019,46
Toni Morrison,44418,5/31/2019,47
Toni Morrison,40517,6/30/2019,48
Toni Morrison,52323,7/31/2019,49
Toni Morrison,1125514,8/31/2019,50
Toni Morrison,86189,9/30/2019,51
Toni Morrison,77912,10/31/2019,52
Toni Morrison,74671,11/30/2019,53
Toni Morrison,76847,12/31/2019,54
Toni Morrison,88321,1/31/2020,55
Toni Morrison,103506,2/29/2020,56
Toni Morrison,63042,3/31/2020,57
Toni Morrison,69122,4/30/2020,58
Toni Morrison,72171,5/31/2020,59
Toni Morrison,225282,6/30/2020,60
Toni Morrison,102420,7/31/2020,61
Toni Morrison,81551,8/31/2020,62
Toni Morrison,77591,9/30/2020,63
Toni Morrison,70749,10/31/2020,64
Toni Morrison,70951,11/30/2020,65
Toni Morrison,80323,12/31/2020,66
Toni Morrison,317014,1/31/2021,67
Toni Morrison,190127,2/28/2021,68
Toni Morrison,104448,3/31/2021,69
Toni Morrison,88573,4/30/2021,70
Toni Morrison,78732,5/31/2021,71
Toni Morrison,60746,6/30/2021,72
Toni Morrison,58060,7/31/2021,73
Toni Morrison,61519,8/31/2021,74
Toni Morrison,57095,9/30/2021,75
Toni Morrison,90039,10/31/2021,76
Toni Morrison,80133,11/30/2021,77
Toni Morrison,66073,12/31/2021,78
Toni Morrison,72514,1/31/2022,79
Toni Morrison,105751,2/28/2022,80
Toni Morrison,5167,3/31/2022,81
Walter Mosley,5967,7/31/2015,1
Walter Mosley,7360,8/31/2015,2
Walter Mosley,5313,9/30/2015,3
Walter Mosley,4707,10/31/2015,4
Walter Mosley,5232,11/30/2015,5
Walter Mosley,4992,12/31/2015,6
Walter Mosley,5446,1/31/2016,7
Walter Mosley,6520,2/29/2016,8
Walter Mosley,5221,3/31/2016,9
Walter Mosley,5174,4/30/2016,10
Walter Mosley,5346,5/31/2016,11
Walter Mosley,13137,6/30/2016,12
Walter Mosley,11417,7/31/2016,13
Walter Mosley,8597,8/31/2016,14
Walter Mosley,6824,9/30/2016,15
Walter Mosley,13709,10/31/2016,16
Walter Mosley,7122,11/30/2016,17
Walter Mosley,6794,12/31/2016,18
Walter Mosley,7903,1/31/2017,19
Walter Mosley,8415,2/28/2017,20
Walter Mosley,6980,3/31/2017,21
Walter Mosley,5431,4/30/2017,22
Walter Mosley,5425,5/31/2017,23
Walter Mosley,5645,6/30/2017,24
Walter Mosley,5630,7/31/2017,25
Walter Mosley,5288,8/31/2017,26
Walter Mosley,4411,9/30/2017,27
Walter Mosley,4674,10/31/2017,28
Walter Mosley,5261,11/30/2017,29
Walter Mosley,4755,12/31/2017,30
Walter Mosley,6087,1/31/2018,31
Walter Mosley,7820,2/28/2018,32
Walter Mosley,6688,3/31/2018,33
Walter Mosley,8807,4/30/2018,34
Walter Mosley,5161,5/31/2018,35
Walter Mosley,5804,6/30/2018,36
Walter Mosley,6957,7/31/2018,37
Walter Mosley,7883,8/31/2018,38
Walter Mosley,6112,9/30/2018,39
Walter Mosley,6235,10/31/2018,40
Walter Mosley,5489,11/30/2018,41
Walter Mosley,5109,12/31/2018,42
Walter Mosley,5790,1/31/2019,43
Walter Mosley,6163,2/28/2019,44
Walter Mosley,5140,3/31/2019,45
Walter Mosley,5124,4/30/2019,46
Walter Mosley,5072,5/31/2019,47
Walter Mosley,4828,6/30/2019,48
Walter Mosley,6695,7/31/2019,49
Walter Mosley,7938,8/31/2019,50
Walter Mosley,33684,9/30/2019,51
Walter Mosley,7169,10/31/2019,52
Walter Mosley,6144,11/30/2019,53
Walter Mosley,6880,12/31/2019,54
Walter Mosley,7957,1/31/2020,55
Walter Mosley,7372,2/29/2020,56
Walter Mosley,8003,3/31/2020,57
Walter Mosley,7589,4/30/2020,58
Walter Mosley,6973,5/31/2020,59
Walter Mosley,11784,6/30/2020,60
Walter Mosley,8693,7/31/2020,61
Walter Mosley,7714,8/31/2020,62
Walter Mosley,7805,9/30/2020,63
Walter Mosley,8961,10/31/2020,64
Walter Mosley,7879,11/30/2020,65
Walter Mosley,24981,12/31/2020,66
Walter Mosley,11690,1/31/2021,67
Walter Mosley,15284,2/28/2021,68
Walter Mosley,12566,3/31/2021,69
Walter Mosley,11414,4/30/2021,70
Walter Mosley,8896,5/31/2021,71
Walter Mosley,7548,6/30/2021,72
Walter Mosley,7040,7/31/2021,73
Walter Mosley,6868,8/31/2021,74
Walter Mosley,15287,9/30/2021,75
Walter Mosley,7927,10/31/2021,76
Walter Mosley,6772,11/30/2021,77
Walter Mosley,5847,12/31/2021,78
Walter Mosley,9246,1/31/2022,79
Walter Mosley,13289,2/28/2022,80
Walter Mosley,1312,3/31/2022,81
Zora Neale Hurston,16336,7/31/2015,1
Zora Neale Hurston,17874,8/31/2015,2
Zora Neale Hurston,20800,9/30/2015,3
Zora Neale Hurston,23741,10/31/2015,4
Zora Neale Hurston,24549,11/30/2015,5
Zora Neale Hurston,22800,12/31/2015,6
Zora Neale Hurston,35430,1/31/2016,7
Zora Neale Hurston,50524,2/29/2016,8
Zora Neale Hurston,33695,3/31/2016,9
Zora Neale Hurston,29123,4/30/2016,10
Zora Neale Hurston,25549,5/31/2016,11
Zora Neale Hurston,17271,6/30/2016,12
Zora Neale Hurston,16228,7/31/2016,13
Zora Neale Hurston,16691,8/31/2016,14
Zora Neale Hurston,21961,9/30/2016,15
Zora Neale Hurston,27163,10/31/2016,16
Zora Neale Hurston,25307,11/30/2016,17
Zora Neale Hurston,23161,12/31/2016,18
Zora Neale Hurston,35936,1/31/2017,19
Zora Neale Hurston,52988,2/28/2017,20
Zora Neale Hurston,38163,3/31/2017,21
Zora Neale Hurston,30016,4/30/2017,22
Zora Neale Hurston,26672,5/31/2017,23
Zora Neale Hurston,20982,6/30/2017,24
Zora Neale Hurston,17613,7/31/2017,25
Zora Neale Hurston,19317,8/31/2017,26
Zora Neale Hurston,24638,9/30/2017,27
Zora Neale Hurston,32203,10/31/2017,28
Zora Neale Hurston,30404,11/30/2017,29
Zora Neale Hurston,33151,12/31/2017,30
Zora Neale Hurston,54269,1/31/2018,31
Zora Neale Hurston,65400,2/28/2018,32
Zora Neale Hurston,42350,3/31/2018,33
Zora Neale Hurston,37021,4/30/2018,34
Zora Neale Hurston,62052,5/31/2018,35
Zora Neale Hurston,24856,6/30/2018,36
Zora Neale Hurston,25610,7/31/2018,37
Zora Neale Hurston,24116,8/31/2018,38
Zora Neale Hurston,26548,9/30/2018,39
Zora Neale Hurston,30001,10/31/2018,40
Zora Neale Hurston,27461,11/30/2018,41
Zora Neale Hurston,25635,12/31/2018,42
Zora Neale Hurston,37711,1/31/2019,43
Zora Neale Hurston,57933,2/28/2019,44
Zora Neale Hurston,38987,3/31/2019,45
Zora Neale Hurston,30720,4/30/2019,46
Zora Neale Hurston,30768,5/31/2019,47
Zora Neale Hurston,22614,6/30/2019,48
Zora Neale Hurston,21471,7/31/2019,49
Zora Neale Hurston,28046,8/31/2019,50
Zora Neale Hurston,24557,9/30/2019,51
Zora Neale Hurston,31243,10/31/2019,52
Zora Neale Hurston,28206,11/30/2019,53
Zora Neale Hurston,26741,12/31/2019,54
Zora Neale Hurston,44924,1/31/2020,55
Zora Neale Hurston,63997,2/29/2020,56
Zora Neale Hurston,35324,3/31/2020,57
Zora Neale Hurston,30841,4/30/2020,58
Zora Neale Hurston,29376,5/31/2020,59
Zora Neale Hurston,47196,6/30/2020,60
Zora Neale Hurston,32573,7/31/2020,61
Zora Neale Hurston,30771,8/31/2020,62
Zora Neale Hurston,35784,9/30/2020,63
Zora Neale Hurston,39537,10/31/2020,64
Zora Neale Hurston,29476,11/30/2020,65
Zora Neale Hurston,28448,12/31/2020,66
Zora Neale Hurston,41626,1/31/2021,67
Zora Neale Hurston,61384,2/28/2021,68
Zora Neale Hurston,44317,3/31/2021,69
Zora Neale Hurston,32942,4/30/2021,70
Zora Neale Hurston,30219,5/31/2021,71
Zora Neale Hurston,21936,6/30/2021,72
Zora Neale Hurston,21377,7/31/2021,73
Zora Neale Hurston,19578,8/31/2021,74
Zora Neale Hurston,26094,9/30/2021,75
Zora Neale Hurston,25443,10/31/2021,76
Zora Neale Hurston,23783,11/30/2021,77
Zora Neale Hurston,22362,12/31/2021,78
Zora Neale Hurston,39108,1/31/2022,79
Zora Neale Hurston,58274,2/28/2022,80
Zora Neale Hurston,3282,3/31/2022,81
